Zaman|Ekran Görüntüsü Adı
00:00:01|result_1696237946.jpg
00:00:01|result_1696237946.jpg
00:00:02|result_1696237947.jpg
00:00:03|result_1696237948.jpg
00:00:05|result_1696237950.jpg
00:00:05|result_1696237950.jpg
00:00:06|result_1696237951.jpg
00:00:06|result_1696237951.jpg
00:00:07|result_1696237952.jpg
00:00:07|result_1696237952.jpg
00:00:07|result_1696237952.jpg
00:00:07|result_1696237952.jpg
00:00:08|result_1696237953.jpg
00:00:11|result_1696237956.jpg
00:00:11|result_1696237956.jpg
00:00:12|result_1696237957.jpg
00:00:13|result_1696237959.jpg
00:00:14|result_1696237959.jpg
00:00:15|result_1696237960.jpg
00:00:15|result_1696237960.jpg
00:00:16|result_1696237961.jpg
00:00:16|result_1696237961.jpg
00:00:17|result_1696237962.jpg
00:00:17|result_1696237962.jpg
00:00:19|result_1696237964.jpg
00:00:19|result_1696237964.jpg
00:00:19|result_1696237964.jpg
00:00:20|result_1696237965.jpg
00:00:20|result_1696237965.jpg
00:00:20|result_1696237966.jpg
00:00:20|result_1696237966.jpg
00:00:21|result_1696237966.jpg
00:00:22|result_1696237967.jpg
00:00:22|result_1696237968.jpg
00:00:23|result_1696237968.jpg
00:00:24|result_1696237969.jpg
00:00:25|result_1696237970.jpg
00:00:25|result_1696237970.jpg
00:00:25|result_1696237970.jpg
00:00:25|result_1696237971.jpg
00:00:25|result_1696237971.jpg
00:00:26|result_1696237971.jpg
00:00:26|result_1696237971.jpg
00:00:27|result_1696237972.jpg
00:00:27|result_1696237972.jpg
00:00:27|result_1696237972.jpg
00:00:27|result_1696237972.jpg
00:00:28|result_1696237973.jpg
00:00:28|result_1696237973.jpg
00:00:28|result_1696237974.jpg
00:00:28|result_1696237974.jpg
00:00:29|result_1696237974.jpg
00:00:29|result_1696237974.jpg
00:00:29|result_1696237974.jpg
00:00:29|result_1696237974.jpg
00:00:30|result_1696237975.jpg
00:00:30|result_1696237975.jpg
00:00:31|result_1696237976.jpg
00:00:31|result_1696237976.jpg
00:00:31|result_1696237977.jpg
00:00:32|result_1696237977.jpg
00:00:32|result_1696237977.jpg
00:00:33|result_1696237978.jpg
00:00:33|result_1696237978.jpg
00:00:34|result_1696237979.jpg
00:00:34|result_1696237980.jpg
00:00:34|result_1696237980.jpg
00:00:35|result_1696237980.jpg
00:00:36|result_1696237981.jpg
00:00:36|result_1696237981.jpg
00:00:37|result_1696237982.jpg
00:00:38|result_1696237983.jpg
00:00:38|result_1696237983.jpg
00:00:38|result_1696237984.jpg
00:00:38|result_1696237984.jpg
00:00:39|result_1696237984.jpg
00:00:39|result_1696237985.jpg
00:00:40|result_1696237985.jpg
00:00:41|result_1696237986.jpg
00:00:41|result_1696237986.jpg
00:00:42|result_1696237987.jpg
00:00:42|result_1696237987.jpg
00:00:42|result_1696237988.jpg
00:00:42|result_1696237988.jpg
00:00:43|result_1696237988.jpg
00:00:44|result_1696237989.jpg
00:00:44|result_1696237989.jpg
00:00:44|result_1696237989.jpg
00:00:45|result_1696237990.jpg
00:00:45|result_1696237990.jpg
00:00:45|result_1696237991.jpg
00:00:45|result_1696237991.jpg
00:00:45|result_1696237991.jpg
00:00:46|result_1696237991.jpg
00:00:46|result_1696237991.jpg
00:00:46|result_1696237991.jpg
00:00:46|result_1696237991.jpg
00:00:47|result_1696237992.jpg
00:00:47|result_1696237992.jpg
00:00:47|result_1696237992.jpg
00:00:48|result_1696237993.jpg
00:00:48|result_1696237993.jpg
00:00:48|result_1696237994.jpg
00:00:48|result_1696237994.jpg
00:00:49|result_1696237994.jpg
